respondent_id,area_dubai,accommodation_type,household_size,monthly_budget_aed,weekly_chore_hours,academic_workload_1_5,chore_interference_1_5,cleanliness_satisfaction_1_5,sel_room,sel_bathroom,sel_kitchen,sel_laundry,sel_ironing,sel_dishwashing,sel_bedding,sel_trash,sel_grocery,sel_window,num_chores_selected,q2_filler_item,q3_anchor_item,q4_laundry_ironing_pairing,q5_grocery_bundling,q6_chores_per_visit,q7_preferred_package,exam_room,exam_bathroom,exam_kitchen,exam_laundry,exam_grocery,exam_dishwashing,num_exam_chores_selected,q9_laundry_addon_decision,q10_packaging_preference
R1000,Discovery Gardens,University dorm/hostel,1,800,5.4,4,4,1,1,0,0,0,0,0,0,0,0,0,1,None selected,Room/floor cleaning,"No, separately",Not interested in either,1-2,None of these - custom mix,1,1,1,0,1,0,4,No,Build my own each time
R1001,Al Qusais,Shared apartment,3,5030,1.6,3,3,3,1,1,1,1,1,1,0,0,0,0,6,Dishwashing,Bathroom cleaning,"Yes, always together",Not interested in either,3-4,Standard Clean,1,1,0,0,0,0,2,Depends on load size,One flat all-inclusive package
R1002,Jumeirah Village Circle,Shared apartment,2,5240,5.3,4,4,1,1,1,1,0,0,1,1,0,0,0,5,Dishwashing,Kitchen cleaning,Don't need ironing,Not interested in either,3-4,Standard Clean,1,1,0,0,0,0,2,Depends on load size,One flat all-inclusive package
R1003,Academic City,Shared apartment,2,800,3.6,4,3,3,1,1,1,1,1,0,0,0,0,0,5,Ironing,Bathroom cleaning,"No, separately",Separate service,3-4,Standard Clean,0,1,0,1,1,1,4,Depends on load size,Build my own each time
R1004,Dubai Silicon Oasis,Apartment alone,1,3920,7.2,5,5,1,1,1,1,1,0,1,1,0,1,0,7,Bedding/linen change,Bathroom cleaning,Don't need ironing,Bundled together,All of them,Exam Week Rescue,1,1,1,1,0,0,4,No,"Either, depending on price"
R1005,Dubai Silicon Oasis,Living with family,2,3380,3.7,3,2,5,1,1,1,1,1,1,0,0,0,0,6,Dishwashing,Bathroom cleaning,"Yes, always together",Not interested in either,5-6,Full Care,1,1,1,1,0,0,4,No,One flat all-inclusive package
R1006,Dubai Silicon Oasis,Shared apartment,3,1530,3.6,3,3,3,1,1,1,0,1,0,0,0,0,0,4,Ironing,Bathroom cleaning,Don't need ironing,Not interested in either,1-2,Standard Clean,1,0,0,0,1,0,2,Yes,Build my own each time
R1007,Bur Dubai,Shared apartment,3,2410,1.0,2,1,5,1,0,1,0,0,0,0,0,0,0,2,None selected,Room/floor cleaning,Don't need ironing,Separate service,1-2,None of these - custom mix,1,0,1,0,0,1,3,No,Build my own each time
R1008,Academic City,Apartment alone,1,2850,4.6,5,2,5,1,1,1,0,0,1,1,0,0,0,5,Bedding/linen change,Kitchen cleaning,Don't need ironing,Not interested in either,3-4,Standard Clean,1,0,1,0,0,1,3,Yes,"Either, depending on price"
R1009,Jumeirah Village Circle,Shared apartment,3,5950,1.0,5,2,3,1,1,1,0,0,1,1,0,0,1,6,Bedding/linen change,Kitchen cleaning,Don't need ironing,Not interested in either,5-6,Full Care,1,0,1,0,1,1,4,Depends on load size,"Either, depending on price"
R1010,Dubai Silicon Oasis,Shared apartment,3,4810,1.3,4,2,4,1,1,1,1,1,1,1,1,0,0,8,Dishwashing,Kitchen cleaning,"Yes, always together",Separate service,5-6,Full Care,1,1,1,1,0,0,4,Depends on load size,One flat all-inclusive package
R1011,Al Qusais,University dorm/hostel,2,4980,6.5,5,3,3,1,1,1,1,0,1,1,0,1,0,7,Dishwashing,Room/floor cleaning,Don't need ironing,Bundled together,All of them,Exam Week Rescue,1,1,1,1,1,0,5,No,"Either, depending on price"
R1012,Deira,University dorm/hostel,1,4210,7.1,4,4,2,1,1,1,1,0,1,0,1,0,0,6,Dishwashing,Bathroom cleaning,"No, separately",Separate service,3-4,Standard Clean,1,1,1,1,0,1,5,Depends on load size,One flat all-inclusive package
R1013,Al Barsha,Living with family,5,2320,4.4,4,3,3,1,1,0,1,1,0,0,0,0,0,4,Ironing,Bathroom cleaning,"Yes, always together",Not interested in either,3-4,None of these - custom mix,1,1,1,0,0,0,3,Yes,One flat all-inclusive package
R1014,Al Barsha,Living with family,4,3170,2.1,2,1,5,1,1,1,1,1,1,0,1,1,1,9,Window cleaning,Bathroom cleaning,"Yes, always together",Bundled together,All of them,Exam Week Rescue,1,0,0,1,1,0,3,No,"Either, depending on price"
R1015,Al Barsha,Apartment alone,1,5090,5.4,4,4,2,1,1,1,1,1,0,0,1,0,0,6,Trash disposal,Room/floor cleaning,"Yes, always together",Not interested in either,5-6,Standard Clean,1,0,1,0,0,0,2,Depends on load size,One flat all-inclusive package
R1016,Al Barsha,Shared apartment,2,1790,5.0,2,1,5,1,1,1,1,0,0,0,0,0,0,4,None selected,Kitchen cleaning,"No, separately",Not interested in either,1-2,Full Care,1,1,1,1,1,1,6,No,Build my own each time
R1017,Academic City,University dorm/hostel,3,4200,2.2,5,2,4,0,1,1,1,1,0,0,0,0,0,4,Ironing,Kitchen cleaning,"Yes, always together",Not interested in either,1-2,Standard Clean,1,1,0,1,0,0,3,Yes,Build my own each time
R1018,Discovery Gardens,University dorm/hostel,3,2860,7.5,4,3,4,1,1,1,1,1,1,0,1,1,0,8,Trash disposal,Bathroom cleaning,"No, separately",Bundled together,5-6,Full Care,1,1,0,1,1,1,5,Depends on load size,One flat all-inclusive package
R1019,Al Barsha,Shared apartment,2,2980,6.8,4,2,5,0,0,0,1,1,1,0,0,0,0,3,Dishwashing,None selected,"Yes, always together",Not interested in either,3-4,Standard Clean,1,1,1,1,1,0,5,Depends on load size,One flat all-inclusive package
R1020,Academic City,Shared apartment,3,4500,4.1,1,1,5,1,1,1,0,0,1,1,1,0,0,6,Dishwashing,Kitchen cleaning,Don't need ironing,Not interested in either,3-4,Standard Clean,1,0,0,0,0,1,2,Depends on load size,"Either, depending on price"
R1021,Dubai Silicon Oasis,Apartment alone,1,5020,5.6,3,2,3,1,0,1,0,0,1,1,1,0,0,5,Dishwashing,Kitchen cleaning,Don't need ironing,Not interested in either,3-4,None of these - custom mix,1,1,1,0,1,0,4,Depends on load size,One flat all-inclusive package
R1022,Al Barsha,Apartment alone,1,3890,5.9,3,4,2,1,1,1,0,0,1,0,0,0,0,4,Dishwashing,Kitchen cleaning,Don't need ironing,Not interested in either,3-4,Standard Clean,1,1,0,0,0,0,2,Depends on load size,"Either, depending on price"
R1023,Discovery Gardens,Shared apartment,4,5120,1.0,3,2,3,1,1,1,1,1,0,1,0,1,0,7,Ironing,Room/floor cleaning,"Yes, always together",Bundled together,All of them,Full Care,1,1,1,1,1,1,6,Yes,One flat all-inclusive package
R1024,Academic City,Living with family,5,2390,3.0,2,1,5,1,1,1,1,1,0,1,1,0,1,8,Bedding/linen change,Room/floor cleaning,"Yes, always together",Not interested in either,5-6,Full Care,0,1,1,1,1,1,5,Yes,One flat all-inclusive package
R1025,Deira,Apartment alone,1,5260,4.1,5,5,1,1,1,1,0,0,1,0,1,0,0,5,Trash disposal,Kitchen cleaning,Don't need ironing,Separate service,3-4,Standard Clean,0,1,0,0,1,0,2,Yes,One flat all-inclusive package
R1026,Al Barsha,Shared apartment,2,4330,3.0,4,3,3,1,1,1,1,0,1,0,1,0,0,6,Trash disposal,Bathroom cleaning,Don't need ironing,Separate service,5-6,Standard Clean,1,0,0,0,0,0,1,Yes,One flat all-inclusive package
R1027,Academic City,Shared apartment,3,3070,3.9,3,2,4,1,1,1,1,1,0,0,1,0,0,6,Ironing,Bathroom cleaning,"Yes, always together",Separate service,5-6,Standard Clean,0,1,1,1,0,0,3,No,One flat all-inclusive package
R1028,Academic City,Shared apartment,3,3960,8.1,3,3,2,1,1,1,1,1,1,1,0,0,0,7,Bedding/linen change,Room/floor cleaning,"Yes, always together",Not interested in either,All of them,Full Care,1,1,1,1,0,1,5,No,One flat all-inclusive package
R1029,Dubai Silicon Oasis,University dorm/hostel,2,1450,6.3,3,2,4,1,1,1,1,1,1,1,0,1,0,8,Bedding/linen change,Room/floor cleaning,"Yes, always together",Bundled together,5-6,Full Care,1,1,1,1,0,1,5,No,One flat all-inclusive package
R1030,Academic City,Shared apartment,4,4790,2.9,4,2,4,0,1,1,1,0,1,0,0,0,0,4,Dishwashing,Bathroom cleaning,Don't need ironing,Separate service,1-2,None of these - custom mix,1,1,0,1,0,1,4,Yes,"Either, depending on price"
R1031,Dubai Silicon Oasis,Apartment alone,1,4140,6.6,4,4,2,1,1,0,1,1,0,0,0,0,0,4,Ironing,Bathroom cleaning,"Yes, always together",Not interested in either,3-4,None of these - custom mix,0,0,1,1,0,1,3,Depends on load size,One flat all-inclusive package
R1032,Dubai Silicon Oasis,University dorm/hostel,2,2470,7.8,5,5,1,0,0,1,0,0,0,0,0,1,0,2,None selected,Kitchen cleaning,Don't need ironing,Bundled together,1-2,Standard Clean,1,1,1,0,1,0,4,Yes,"Either, depending on price"
R1033,Al Qusais,University dorm/hostel,2,4670,6.8,3,4,2,1,1,1,1,0,1,0,1,1,0,7,Trash disposal,Room/floor cleaning,"No, separately",Bundled together,5-6,Full Care,1,1,1,1,1,1,6,Yes,"Either, depending on price"
R1034,Al Qusais,University dorm/hostel,2,2210,5.1,5,3,3,1,1,1,1,1,0,0,0,0,0,5,Ironing,Room/floor cleaning,"No, separately",Separate service,5-6,Full Care,1,1,0,1,1,1,5,Depends on load size,Build my own each time
R1035,Deira,University dorm/hostel,1,1230,4.2,5,2,3,1,1,1,0,0,0,0,0,0,0,3,None selected,Room/floor cleaning,Don't need ironing,Not interested in either,3-4,Quick Tidy,1,1,0,0,0,1,3,Depends on load size,Build my own each time
R1036,Al Barsha,Living with family,3,1720,5.9,3,3,2,1,1,1,1,1,1,1,1,0,1,9,Ironing,Room/floor cleaning,"No, separately",Not interested in either,5-6,Full Care,1,1,0,0,1,1,4,No,One flat all-inclusive package
R1037,Dubai Silicon Oasis,Apartment alone,1,5250,6.3,5,2,4,1,1,1,1,1,1,0,1,0,0,7,Ironing,Bathroom cleaning,"No, separately",Separate service,All of them,Exam Week Rescue,1,1,1,1,1,0,5,Yes,"Either, depending on price"
R1038,Jumeirah Village Circle,Shared apartment,4,1710,5.8,2,2,5,1,1,0,0,0,0,0,0,0,0,2,None selected,Room/floor cleaning,Don't need ironing,Not interested in either,1-2,Standard Clean,1,0,0,1,1,0,3,No,Build my own each time
R1039,Discovery Gardens,University dorm/hostel,3,5660,5.8,5,3,3,1,1,1,1,0,0,0,0,1,0,5,None selected,Room/floor cleaning,Don't need ironing,Separate service,3-4,Standard Clean,1,1,0,0,1,1,4,Yes,One flat all-inclusive package
R1040,Dubai Silicon Oasis,Shared apartment,3,800,6.6,3,2,4,0,1,1,1,0,1,0,1,1,0,6,Trash disposal,Kitchen cleaning,"No, separately",Separate service,5-6,Standard Clean,1,1,0,1,0,1,4,Yes,One flat all-inclusive package
R1041,Academic City,Shared apartment,3,5880,3.4,5,2,4,1,1,1,1,1,0,0,1,0,1,7,Window cleaning,Bathroom cleaning,"Yes, always together",Not interested in either,All of them,Full Care,1,1,1,1,0,1,5,No,One flat all-inclusive package
R1042,Dubai Silicon Oasis,University dorm/hostel,1,3500,8.1,5,4,2,1,1,0,1,0,0,1,0,0,0,4,Bedding/linen change,Bathroom cleaning,"No, separately",Not interested in either,1-2,Standard Clean,1,1,1,1,1,0,5,No,Build my own each time
R1043,Bur Dubai,Shared apartment,3,3360,4.9,5,3,2,1,0,1,0,0,0,0,0,0,0,2,None selected,Room/floor cleaning,Don't need ironing,Not interested in either,1-2,Standard Clean,1,0,0,1,0,0,2,No,"Either, depending on price"
R1044,Al Barsha,Shared apartment,3,2740,8.7,4,3,3,1,1,1,0,0,1,1,0,0,0,5,Dishwashing,Room/floor cleaning,"No, separately",Separate service,3-4,Standard Clean,0,1,1,0,1,1,4,No,Build my own each time
R1045,Jumeirah Village Circle,Shared apartment,3,4060,3.1,3,1,5,1,1,1,1,1,0,0,0,0,0,5,Ironing,Room/floor cleaning,"Yes, always together",Separate service,5-6,Standard Clean,1,1,1,1,0,0,4,Depends on load size,"Either, depending on price"
R1046,Al Barsha,Shared apartment,3,3450,8.0,2,2,4,1,1,1,0,0,0,1,1,0,0,5,Trash disposal,Room/floor cleaning,"No, separately",Separate service,5-6,Full Care,1,0,0,0,0,0,1,Depends on load size,"Either, depending on price"
R1047,Academic City,University dorm/hostel,2,4740,5.4,3,4,3,1,1,1,1,0,0,1,0,0,0,5,Bedding/linen change,Room/floor cleaning,"No, separately",Not interested in either,5-6,Full Care,1,1,0,0,0,0,2,No,One flat all-inclusive package
R1048,Academic City,Shared apartment,2,3660,3.7,2,3,3,1,0,1,1,0,0,0,0,1,1,5,Window cleaning,Room/floor cleaning,"No, separately",Separate service,5-6,Standard Clean,1,1,0,1,1,0,4,No,One flat all-inclusive package
R1049,Al Barsha,Shared apartment,3,3710,3.5,4,2,3,1,1,1,0,1,1,0,0,1,0,6,Dishwashing,Bathroom cleaning,"No, separately",Bundled together,5-6,Standard Clean,0,1,0,0,1,1,3,No,One flat all-inclusive package
R1050,Al Qusais,Shared apartment,3,2990,3.9,3,1,5,1,1,1,1,1,0,0,1,0,0,6,Ironing,Bathroom cleaning,"Yes, always together",Separate service,3-4,Standard Clean,1,1,1,1,0,1,5,No,One flat all-inclusive package
R1051,Deira,Living with family,3,3820,5.3,5,4,1,1,0,1,1,1,1,1,0,0,0,6,Dishwashing,Room/floor cleaning,"Yes, always together",Not interested in either,3-4,Full Care,1,1,1,1,0,1,5,No,One flat all-inclusive package
R1052,Al Qusais,Apartment alone,1,4830,6.5,4,2,4,1,1,1,1,1,1,0,0,0,0,6,Ironing,Room/floor cleaning,"Yes, always together",Not interested in either,5-6,Standard Clean,1,1,1,1,1,0,5,No,"Either, depending on price"
R1053,Bur Dubai,University dorm/hostel,1,810,4.4,5,3,2,1,1,0,1,0,0,1,0,0,0,4,Bedding/linen change,Room/floor cleaning,"No, separately",Not interested in either,1-2,Standard Clean,1,1,1,0,0,0,3,No,"Either, depending on price"
R1054,Academic City,University dorm/hostel,3,1310,4.5,2,2,3,1,1,1,1,0,1,0,0,0,0,5,Dishwashing,Kitchen cleaning,Don't need ironing,Not interested in either,5-6,Standard Clean,1,0,1,0,0,0,2,No,Build my own each time
R1055,Bur Dubai,Shared apartment,4,4540,8.3,5,5,1,1,1,1,0,0,1,0,1,1,0,6,Trash disposal,Kitchen cleaning,Don't need ironing,Separate service,3-4,Standard Clean,1,1,1,0,1,1,5,Yes,One flat all-inclusive package
R1056,Dubai Silicon Oasis,University dorm/hostel,2,3440,8.5,5,4,2,1,1,1,1,1,0,0,0,0,0,5,Ironing,Bathroom cleaning,"Yes, always together",Not interested in either,3-4,Standard Clean,1,1,0,1,0,1,4,No,One flat all-inclusive package
R1057,Al Barsha,Shared apartment,4,3240,4.9,3,2,4,1,0,1,1,1,1,1,0,0,0,6,Bedding/linen change,Room/floor cleaning,"No, separately",Not interested in either,3-4,Full Care,1,1,0,1,1,1,5,No,"Either, depending on price"
R1058,Dubai Silicon Oasis,Living with family,4,3930,4.1,4,2,4,1,0,0,1,1,0,0,0,0,0,3,Ironing,Room/floor cleaning,"Yes, always together",Not interested in either,3-4,Standard Clean,1,0,0,1,1,1,4,No,Build my own each time
R1059,Al Barsha,Shared apartment,2,3990,5.2,4,2,3,1,1,1,0,0,1,1,0,0,0,5,Bedding/linen change,Room/floor cleaning,"No, separately",Separate service,3-4,Standard Clean,1,1,0,1,1,0,4,Depends on load size,One flat all-inclusive package
R1060,Discovery Gardens,Shared apartment,3,2740,5.7,2,2,3,1,1,1,0,0,1,0,0,0,0,4,Dishwashing,Room/floor cleaning,Don't need ironing,Separate service,3-4,Standard Clean,1,1,0,1,0,1,4,No,One flat all-inclusive package
R1061,Al Barsha,Shared apartment,4,2410,2.0,4,2,4,1,1,1,0,0,1,1,0,0,1,6,Dishwashing,Room/floor cleaning,Don't need ironing,Not interested in either,5-6,Standard Clean,1,1,0,0,1,1,4,No,"Either, depending on price"
R1062,Deira,Shared apartment,4,3770,3.5,3,3,3,1,0,1,0,0,0,0,0,1,0,3,None selected,Room/floor cleaning,Don't need ironing,Bundled together,3-4,Standard Clean,1,1,0,1,1,0,4,No,Build my own each time
R1063,Discovery Gardens,Shared apartment,3,2130,1.2,2,1,5,1,1,1,0,0,0,1,1,0,0,5,Trash disposal,Bathroom cleaning,Don't need ironing,Not interested in either,5-6,Standard Clean,1,0,0,1,1,1,4,No,"Either, depending on price"
R1064,Al Barsha,Living with family,2,4470,5.8,3,4,2,1,1,1,1,1,0,0,0,0,0,5,Ironing,Bathroom cleaning,"No, separately",Separate service,3-4,Standard Clean,1,1,0,1,1,1,5,Yes,One flat all-inclusive package
R1065,Academic City,Shared apartment,3,1120,5.8,2,2,5,1,1,1,0,0,0,0,0,0,0,3,None selected,Kitchen cleaning,Don't need ironing,Not interested in either,3-4,Quick Tidy,1,1,0,1,0,1,4,No,Build my own each time
R1066,Dubai Silicon Oasis,Living with family,3,5340,3.5,1,1,5,1,1,1,0,0,1,0,0,0,0,4,Dishwashing,Room/floor cleaning,Don't need ironing,Separate service,1-2,Standard Clean,1,1,0,0,1,0,3,Yes,One flat all-inclusive package
R1067,Deira,Living with family,4,4560,7.1,2,2,4,1,1,1,0,0,1,1,0,0,0,5,Bedding/linen change,Bathroom cleaning,Don't need ironing,Separate service,5-6,Full Care,1,1,1,1,1,0,5,Depends on load size,Build my own each time
R1068,Dubai Silicon Oasis,University dorm/hostel,2,3560,2.5,5,1,5,1,1,0,0,0,0,0,0,0,0,2,None selected,Bathroom cleaning,Don't need ironing,Not interested in either,1-2,Quick Tidy,1,0,1,0,0,1,3,Depends on load size,One flat all-inclusive package
R1069,Al Qusais,University dorm/hostel,2,4580,2.1,4,3,3,1,1,0,1,1,0,0,0,1,0,5,Ironing,Room/floor cleaning,"No, separately",Bundled together,3-4,Standard Clean,1,1,1,1,1,0,5,Depends on load size,One flat all-inclusive package
R1070,Deira,University dorm/hostel,3,5530,4.9,5,4,2,1,1,0,1,1,1,0,0,0,1,6,Dishwashing,Bathroom cleaning,"No, separately",Separate service,5-6,Standard Clean,1,1,1,1,1,1,6,Depends on load size,One flat all-inclusive package
R1071,Al Barsha,University dorm/hostel,2,4620,7.1,3,3,3,1,1,1,1,0,1,1,0,1,0,7,Bedding/linen change,Room/floor cleaning,"No, separately",Bundled together,All of them,Full Care,1,1,1,1,1,0,5,Yes,One flat all-inclusive package
R1072,Dubai Silicon Oasis,University dorm/hostel,1,800,8.9,3,3,3,1,1,1,0,0,0,0,0,0,0,3,None selected,Bathroom cleaning,Don't need ironing,Not interested in either,3-4,Quick Tidy,1,1,1,0,0,0,3,Depends on load size,Build my own each time
R1073,Deira,Apartment alone,1,2610,4.6,4,3,3,1,0,0,1,1,0,0,1,1,0,5,Trash disposal,Room/floor cleaning,"Yes, always together",Bundled together,5-6,Standard Clean,1,1,1,1,1,0,5,Depends on load size,Build my own each time
R1074,Jumeirah Village Circle,University dorm/hostel,1,2330,7.7,3,2,5,1,1,1,1,1,1,1,1,0,0,8,Trash disposal,Room/floor cleaning,"Yes, always together",Not interested in either,All of them,Full Care,1,1,1,0,0,0,3,No,"Either, depending on price"
R1075,Jumeirah Village Circle,Shared apartment,2,3540,4.9,2,1,5,1,1,1,0,0,1,1,0,0,1,6,Dishwashing,Bathroom cleaning,"No, separately",Not interested in either,3-4,Standard Clean,1,1,0,0,1,0,3,Yes,One flat all-inclusive package
R1076,Deira,Living with family,3,4620,4.2,4,3,4,1,1,0,1,0,0,0,1,0,0,4,Trash disposal,Bathroom cleaning,Don't need ironing,Not interested in either,3-4,Standard Clean,0,1,1,0,0,0,2,Depends on load size,One flat all-inclusive package
R1077,Dubai Silicon Oasis,University dorm/hostel,1,2180,7.3,3,2,4,1,1,0,0,0,0,1,1,0,1,5,Window cleaning,Bathroom cleaning,Don't need ironing,Not interested in either,3-4,Standard Clean,1,1,0,1,0,0,3,Yes,Build my own each time
R1078,Discovery Gardens,Living with family,3,4160,5.8,4,3,3,1,1,1,1,0,1,1,0,1,0,7,Bedding/linen change,Kitchen cleaning,"No, separately",Bundled together,All of them,Full Care,1,1,0,1,1,0,4,Depends on load size,"Either, depending on price"
R1079,Dubai Silicon Oasis,Shared apartment,3,2440,1.3,4,1,5,1,0,1,1,0,0,0,0,0,1,4,Window cleaning,Room/floor cleaning,Don't need ironing,Separate service,3-4,Standard Clean,1,1,0,1,1,1,5,Yes,"Either, depending on price"
R1080,Bur Dubai,University dorm/hostel,1,2340,8.5,2,3,3,1,1,1,1,0,1,0,0,0,0,5,Dishwashing,Kitchen cleaning,Don't need ironing,Not interested in either,5-6,Full Care,1,0,0,1,0,1,3,No,One flat all-inclusive package
R1081,Academic City,Apartment alone,1,2430,8.3,2,3,3,1,1,0,0,0,0,1,0,0,0,3,Bedding/linen change,Bathroom cleaning,Don't need ironing,Separate service,3-4,Standard Clean,1,1,1,1,0,1,5,No,One flat all-inclusive package
R1082,Discovery Gardens,Shared apartment,5,2210,2.2,4,1,5,1,1,0,1,1,0,0,0,1,0,5,Ironing,Room/floor cleaning,"Yes, always together",Bundled together,5-6,Standard Clean,1,1,1,1,1,1,6,Yes,"Either, depending on price"
R1083,Dubai Silicon Oasis,Living with family,2,2010,5.8,3,3,3,1,0,1,1,1,0,1,0,0,0,5,Bedding/linen change,Room/floor cleaning,"Yes, always together",Not interested in either,5-6,Full Care,0,1,1,0,1,0,3,Yes,"Either, depending on price"
R1084,Al Barsha,Apartment alone,1,3030,6.5,2,2,4,1,1,1,0,0,1,1,1,0,1,7,Dishwashing,Kitchen cleaning,Don't need ironing,Not interested in either,5-6,Exam Week Rescue,1,1,1,1,1,0,5,No,"Either, depending on price"
R1085,Al Barsha,Living with family,4,5380,4.5,5,2,3,1,1,0,1,1,0,1,0,1,0,6,Ironing,Bathroom cleaning,"Yes, always together",Bundled together,5-6,None of these - custom mix,1,0,0,0,1,0,2,Yes,"Either, depending on price"
R1086,Jumeirah Village Circle,Shared apartment,3,2170,3.4,2,2,4,1,1,1,0,0,0,0,0,0,0,3,None selected,Room/floor cleaning,Don't need ironing,Separate service,3-4,Standard Clean,1,0,1,1,1,1,5,No,"Either, depending on price"
R1087,Academic City,University dorm/hostel,3,6890,3.2,4,3,2,1,1,1,0,0,0,1,0,0,0,4,Bedding/linen change,Kitchen cleaning,Don't need ironing,Not interested in either,3-4,Standard Clean,1,1,1,0,0,1,4,No,"Either, depending on price"
R1088,Bur Dubai,Apartment alone,1,5090,5.4,5,3,4,0,1,0,1,0,0,1,0,0,1,4,Window cleaning,Bathroom cleaning,"No, separately",Not interested in either,3-4,None of these - custom mix,1,1,1,0,0,0,3,Depends on load size,One flat all-inclusive package
R1089,Academic City,Living with family,2,4160,7.3,3,3,3,1,0,1,0,0,0,0,0,0,0,2,None selected,Kitchen cleaning,Don't need ironing,Separate service,1-2,Standard Clean,1,0,1,0,0,1,3,Depends on load size,Build my own each time
R1090,Dubai Silicon Oasis,Living with family,3,2700,5.6,2,2,3,1,1,1,1,1,1,0,1,0,0,7,Trash disposal,Room/floor cleaning,"Yes, always together",Not interested in either,5-6,Exam Week Rescue,1,1,0,0,1,1,4,Yes,One flat all-inclusive package
R1091,Jumeirah Village Circle,Shared apartment,5,4480,2.8,2,2,3,1,1,1,0,0,1,1,0,0,0,5,Dishwashing,Bathroom cleaning,Don't need ironing,Not interested in either,3-4,Full Care,1,1,0,0,1,0,3,Yes,"Either, depending on price"
R1092,Jumeirah Village Circle,Shared apartment,5,2690,5.0,3,2,4,1,1,1,1,1,1,0,0,0,0,6,Dishwashing,Room/floor cleaning,"Yes, always together",Not interested in either,5-6,Full Care,1,1,1,1,1,0,5,No,"Either, depending on price"
R1093,Academic City,Apartment alone,1,4570,1.0,2,1,5,1,0,0,0,0,0,1,0,1,0,3,Bedding/linen change,Room/floor cleaning,Don't need ironing,Bundled together,1-2,Standard Clean,1,0,1,1,0,1,4,Depends on load size,Build my own each time
R1094,Deira,Shared apartment,4,7080,6.3,4,2,4,1,1,1,1,1,0,0,1,1,0,7,Trash disposal,Kitchen cleaning,"No, separately",Bundled together,5-6,Full Care,1,0,1,1,1,0,4,Depends on load size,One flat all-inclusive package
R1095,Academic City,Living with family,3,3770,1.0,2,1,4,0,1,0,0,0,1,0,0,0,0,2,Dishwashing,Bathroom cleaning,Don't need ironing,Separate service,1-2,None of these - custom mix,0,1,1,0,1,0,3,No,One flat all-inclusive package
R1096,Academic City,Living with family,3,5510,3.8,4,2,4,1,1,1,1,0,1,0,0,0,0,5,Dishwashing,Kitchen cleaning,Don't need ironing,Not interested in either,5-6,Full Care,1,1,0,1,1,0,4,Yes,One flat all-inclusive package
R1097,Discovery Gardens,Shared apartment,4,2520,1.8,5,1,5,1,1,1,1,1,1,1,1,0,0,8,Trash disposal,Kitchen cleaning,"Yes, always together",Not interested in either,All of them,None of these - custom mix,1,0,1,1,0,0,3,Depends on load size,One flat all-inclusive package
R1098,Dubai Silicon Oasis,Apartment alone,1,4350,2.9,5,3,3,1,1,1,1,0,1,1,0,0,0,6,Dishwashing,Kitchen cleaning,Don't need ironing,Separate service,5-6,Full Care,1,1,0,0,0,1,3,Depends on load size,One flat all-inclusive package
R1099,Dubai Silicon Oasis,Apartment alone,1,6880,7.8,4,4,2,1,1,1,1,1,1,1,0,1,0,8,Bedding/linen change,Kitchen cleaning,"Yes, always together",Bundled together,5-6,Full Care,1,1,0,1,1,0,4,Depends on load size,"Either, depending on price"
R1100,Dubai Silicon Oasis,University dorm/hostel,3,2320,3.6,3,1,5,1,0,1,0,0,0,1,0,0,0,3,Bedding/linen change,Room/floor cleaning,Don't need ironing,Not interested in either,3-4,None of these - custom mix,0,1,1,0,0,1,3,Depends on load size,One flat all-inclusive package
R1101,Academic City,Living with family,4,6440,4.7,4,2,4,1,1,1,1,1,1,1,0,1,1,9,Window cleaning,Bathroom cleaning,"Yes, always together",Bundled together,5-6,Full Care,1,1,1,1,0,1,5,Yes,One flat all-inclusive package
R1102,Al Barsha,Shared apartment,4,4490,3.9,4,3,4,1,1,1,0,0,0,0,0,0,0,3,None selected,Bathroom cleaning,Don't need ironing,Separate service,3-4,Standard Clean,1,1,0,0,0,0,2,Yes,Build my own each time
R1103,Academic City,Living with family,3,3110,5.5,3,4,2,1,1,1,0,1,0,0,0,0,0,4,Ironing,Bathroom cleaning,Don't need ironing,Separate service,1-2,Standard Clean,1,1,0,1,1,0,4,No,One flat all-inclusive package
R1104,Bur Dubai,Shared apartment,4,4390,4.2,2,2,4,1,1,1,0,0,1,0,0,1,0,5,Dishwashing,Room/floor cleaning,Don't need ironing,Bundled together,5-6,Standard Clean,0,0,1,0,0,0,1,No,"Either, depending on price"
R1105,Al Barsha,Living with family,3,5260,1.9,5,2,3,1,1,1,1,1,1,0,1,0,0,7,Trash disposal,Room/floor cleaning,"Yes, always together",Not interested in either,5-6,Exam Week Rescue,1,1,0,1,0,0,3,Yes,One flat all-inclusive package
R1106,Discovery Gardens,Shared apartment,3,4370,6.5,3,2,4,1,1,1,1,1,1,0,0,0,0,6,Ironing,Bathroom cleaning,"Yes, always together",Not interested in either,5-6,Standard Clean,1,1,0,1,1,0,4,No,One flat all-inclusive package
R1107,Jumeirah Village Circle,University dorm/hostel,2,1000,4.0,2,3,2,1,1,1,0,0,0,0,1,0,0,4,Trash disposal,Room/floor cleaning,Don't need ironing,Separate service,3-4,Standard Clean,1,1,1,1,0,0,4,No,Build my own each time
R1108,Al Barsha,Living with family,4,2880,1.0,3,1,5,1,1,1,1,0,0,1,1,0,0,6,Bedding/linen change,Room/floor cleaning,Don't need ironing,Separate service,5-6,Full Care,0,1,0,0,1,0,2,No,One flat all-inclusive package
R1109,Dubai Silicon Oasis,University dorm/hostel,1,2850,4.6,3,2,5,1,1,1,1,1,1,0,0,0,0,6,Ironing,Kitchen cleaning,"No, separately",Separate service,3-4,Full Care,1,1,1,1,0,1,5,No,One flat all-inclusive package
R1110,Al Barsha,Shared apartment,2,3400,8.0,5,4,2,1,1,1,0,1,1,0,0,0,0,5,Ironing,Kitchen cleaning,Don't need ironing,Not interested in either,5-6,Standard Clean,1,1,1,0,0,1,4,Yes,One flat all-inclusive package
R1111,Dubai Silicon Oasis,Living with family,4,4770,5.7,4,2,3,0,1,1,0,0,0,0,1,0,0,3,Trash disposal,Kitchen cleaning,Don't need ironing,Separate service,1-2,None of these - custom mix,1,0,0,0,0,1,2,No,Build my own each time
R1112,Bur Dubai,Living with family,3,4150,3.8,4,3,2,1,1,0,0,0,0,0,0,1,0,3,None selected,Room/floor cleaning,Don't need ironing,Bundled together,3-4,Standard Clean,1,1,0,1,1,1,5,Depends on load size,Build my own each time
R1113,Deira,Shared apartment,4,1630,3.3,1,2,4,1,1,0,1,0,0,1,0,1,1,6,Bedding/linen change,Bathroom cleaning,Don't need ironing,Separate service,5-6,None of these - custom mix,1,1,1,1,1,0,5,Depends on load size,One flat all-inclusive package
R1114,Academic City,Shared apartment,2,4030,4.4,3,2,3,1,1,1,0,0,0,1,1,1,0,6,Trash disposal,Room/floor cleaning,Don't need ironing,Bundled together,3-4,Standard Clean,0,1,1,0,1,0,3,No,One flat all-inclusive package
R1115,Bur Dubai,Shared apartment,3,4350,8.7,3,3,2,1,1,1,1,1,0,0,1,0,0,6,Trash disposal,Bathroom cleaning,"Yes, always together",Separate service,5-6,Full Care,1,0,0,0,0,0,1,No,One flat all-inclusive package
R1116,Deira,Shared apartment,3,4280,5.3,1,1,5,1,1,0,1,0,0,1,0,0,0,4,Bedding/linen change,Room/floor cleaning,Don't need ironing,Separate service,3-4,Standard Clean,0,1,0,0,0,0,1,Yes,"Either, depending on price"
R1117,Al Barsha,Shared apartment,2,5010,5.9,3,1,5,1,1,1,0,0,0,0,0,1,1,5,Window cleaning,Kitchen cleaning,"No, separately",Bundled together,3-4,Full Care,1,1,0,0,1,0,3,Depends on load size,"Either, depending on price"
R1118,Bur Dubai,Apartment alone,1,5570,7.6,4,4,2,1,1,0,1,0,0,0,0,1,1,5,Window cleaning,Room/floor cleaning,"No, separately",Separate service,5-6,None of these - custom mix,1,1,0,1,1,1,5,Yes,One flat all-inclusive package
R1119,Academic City,Apartment alone,1,5040,6.0,2,2,5,1,1,0,1,1,0,0,0,0,0,4,Ironing,Bathroom cleaning,"Yes, always together",Separate service,3-4,None of these - custom mix,1,0,0,1,0,1,3,No,One flat all-inclusive package
R1120,Deira,Apartment alone,1,4300,5.0,4,3,2,1,0,0,1,1,0,0,0,0,0,3,Ironing,Room/floor cleaning,"Yes, always together",Not interested in either,3-4,None of these - custom mix,1,1,1,1,0,1,5,Depends on load size,One flat all-inclusive package
R1121,Bur Dubai,Apartment alone,1,2070,5.1,3,5,2,1,1,1,0,0,0,1,1,1,1,7,Trash disposal,Kitchen cleaning,Don't need ironing,Bundled together,5-6,Exam Week Rescue,1,1,1,0,1,0,4,No,One flat all-inclusive package
R1122,Al Barsha,University dorm/hostel,2,3800,4.9,1,1,5,1,1,1,0,0,0,1,0,1,0,5,Bedding/linen change,Kitchen cleaning,Don't need ironing,Separate service,3-4,Standard Clean,1,1,1,0,1,1,5,Yes,Build my own each time
R1123,Dubai Silicon Oasis,Shared apartment,2,3790,4.9,3,2,5,1,1,1,0,0,1,0,0,0,1,5,Dishwashing,Kitchen cleaning,Don't need ironing,Not interested in either,5-6,Standard Clean,1,1,0,0,1,0,3,Yes,"Either, depending on price"
R1124,Al Barsha,University dorm/hostel,1,3580,7.0,5,3,3,1,1,1,0,0,1,0,0,0,0,4,Dishwashing,Kitchen cleaning,Don't need ironing,Not interested in either,1-2,Standard Clean,1,1,0,0,1,0,3,No,"Either, depending on price"
R1125,Discovery Gardens,Shared apartment,5,1710,3.6,5,4,3,1,1,0,1,1,0,0,1,0,0,5,Trash disposal,Room/floor cleaning,"Yes, always together",Not interested in either,3-4,Standard Clean,0,1,1,1,0,1,4,No,Build my own each time
R1126,Deira,Shared apartment,3,1990,6.0,5,4,3,1,1,1,1,1,1,1,0,0,0,7,Ironing,Bathroom cleaning,"Yes, always together",Not interested in either,5-6,Full Care,1,1,1,1,0,1,5,Depends on load size,One flat all-inclusive package
R1127,Bur Dubai,Living with family,5,5370,3.3,3,1,5,0,1,1,1,1,1,1,1,0,0,7,Trash disposal,Kitchen cleaning,"Yes, always together",Not interested in either,5-6,None of these - custom mix,1,1,1,1,0,0,4,Yes,"Either, depending on price"
R1128,Dubai Silicon Oasis,Shared apartment,3,3440,4.7,2,2,5,0,1,0,1,1,0,0,0,0,0,3,Ironing,Bathroom cleaning,"Yes, always together",Not interested in either,3-4,Standard Clean,1,1,1,1,1,1,6,Depends on load size,One flat all-inclusive package
R1129,Academic City,University dorm/hostel,2,4150,1.0,4,1,5,1,1,1,1,1,0,1,0,0,0,6,Ironing,Room/floor cleaning,"Yes, always together",Not interested in either,3-4,Full Care,1,1,1,1,1,0,5,No,One flat all-inclusive package
R1130,Discovery Gardens,University dorm/hostel,2,3240,6.8,3,4,2,0,1,0,0,1,0,0,1,0,0,3,Trash disposal,Bathroom cleaning,"No, separately",Separate service,1-2,Standard Clean,1,0,1,0,1,0,3,No,"Either, depending on price"
R1131,Al Barsha,Apartment alone,1,4440,6.2,5,4,2,1,0,0,1,1,0,1,0,0,0,4,Ironing,Room/floor cleaning,"Yes, always together",Separate service,1-2,Full Care,0,0,1,0,0,0,1,No,"Either, depending on price"
R1132,Dubai Silicon Oasis,Shared apartment,4,4810,6.0,2,2,4,0,1,1,1,1,1,0,1,1,1,8,Window cleaning,Bathroom cleaning,"Yes, always together",Separate service,All of them,Exam Week Rescue,1,1,1,0,1,0,4,No,"Either, depending on price"
R1133,Discovery Gardens,University dorm/hostel,2,2480,1.0,3,2,3,1,1,1,1,1,1,0,0,0,0,6,Ironing,Kitchen cleaning,"No, separately",Not interested in either,3-4,Full Care,1,1,0,0,1,0,3,No,One flat all-inclusive package
R1134,Al Qusais,University dorm/hostel,2,3330,9.2,2,3,3,1,1,0,1,0,0,0,0,0,0,3,None selected,Bathroom cleaning,"No, separately",Not interested in either,3-4,Quick Tidy,1,1,1,0,1,0,4,No,Build my own each time
R1135,Al Barsha,Apartment alone,1,3750,5.2,3,3,3,1,0,1,0,0,1,1,1,0,1,6,Bedding/linen change,Kitchen cleaning,Don't need ironing,Not interested in either,5-6,None of these - custom mix,1,0,0,0,1,1,3,Depends on load size,One flat all-inclusive package
R1136,Academic City,University dorm/hostel,2,2590,7.2,4,4,2,1,1,1,1,1,1,0,1,0,0,7,Ironing,Bathroom cleaning,"No, separately",Not interested in either,All of them,Exam Week Rescue,1,1,0,1,0,0,3,No,One flat all-inclusive package
R1137,Jumeirah Village Circle,Living with family,6,3470,1.0,3,1,5,1,1,1,1,1,1,0,0,0,0,6,Dishwashing,Kitchen cleaning,"Yes, always together",Not interested in either,5-6,Full Care,1,1,0,1,1,1,5,Yes,One flat all-inclusive package
R1138,Discovery Gardens,Apartment alone,1,4710,6.7,3,2,4,1,1,1,0,0,1,1,1,1,0,7,Bedding/linen change,Room/floor cleaning,Don't need ironing,Separate service,5-6,Full Care,1,1,0,0,1,1,4,Yes,"Either, depending on price"
R1139,Al Qusais,University dorm/hostel,3,2530,2.4,3,2,4,1,1,0,1,1,0,0,1,0,0,5,Trash disposal,Room/floor cleaning,"Yes, always together",Not interested in either,3-4,None of these - custom mix,1,0,1,1,0,1,4,Yes,"Either, depending on price"
R1140,Al Qusais,University dorm/hostel,3,4960,3.3,3,2,4,1,1,1,1,0,1,0,0,0,1,6,Dishwashing,Kitchen cleaning,"No, separately",Separate service,5-6,Full Care,1,1,1,1,0,0,4,No,One flat all-inclusive package
R1141,Al Barsha,Living with family,2,2650,8.8,4,3,2,1,1,1,1,1,0,0,0,0,0,5,Ironing,Room/floor cleaning,"No, separately",Separate service,3-4,Full Care,1,1,0,1,0,1,4,Yes,One flat all-inclusive package
R1142,Academic City,Shared apartment,4,3240,3.6,5,2,3,1,1,1,0,0,0,0,0,0,0,3,None selected,Room/floor cleaning,"No, separately",Not interested in either,3-4,Standard Clean,1,1,0,0,0,1,3,Yes,One flat all-inclusive package
R1143,Al Barsha,Shared apartment,5,2880,3.9,5,3,3,1,1,1,0,0,0,1,1,0,0,5,Bedding/linen change,Kitchen cleaning,Don't need ironing,Separate service,5-6,Standard Clean,0,1,0,0,1,0,2,No,"Either, depending on price"
R1144,Al Barsha,Living with family,3,5930,6.2,4,5,1,1,1,1,0,0,0,1,1,1,0,6,Bedding/linen change,Room/floor cleaning,Don't need ironing,Separate service,5-6,Standard Clean,1,1,0,0,1,0,3,No,One flat all-inclusive package
R1145,Dubai Silicon Oasis,Living with family,2,4180,6.0,3,2,5,1,1,1,1,0,1,1,1,0,0,7,Trash disposal,Bathroom cleaning,"No, separately",Separate service,5-6,Exam Week Rescue,0,1,1,1,0,0,3,Yes,"Either, depending on price"
R1146,Academic City,Living with family,5,5340,3.8,4,2,4,1,1,0,0,0,0,0,1,1,0,4,Trash disposal,Room/floor cleaning,Don't need ironing,Bundled together,3-4,Standard Clean,1,1,1,1,1,0,5,Yes,One flat all-inclusive package
R1147,Academic City,Apartment alone,1,2320,6.2,3,4,2,1,1,1,1,1,0,0,0,0,0,5,Ironing,Bathroom cleaning,"Yes, always together",Not interested in either,3-4,Standard Clean,1,0,0,1,0,0,2,Depends on load size,Build my own each time
R1148,Dubai Silicon Oasis,Shared apartment,4,3870,8.8,3,3,3,0,1,1,1,1,1,0,0,0,0,5,Ironing,Bathroom cleaning,"Yes, always together",Not interested in either,5-6,Standard Clean,1,1,1,1,1,0,5,Depends on load size,"Either, depending on price"
R1149,Al Barsha,University dorm/hostel,3,4450,4.4,5,3,2,1,0,1,1,0,0,1,1,0,0,5,Trash disposal,Room/floor cleaning,"No, separately",Separate service,5-6,None of these - custom mix,1,1,1,0,1,1,5,Depends on load size,Build my own each time
R1150,Bur Dubai,Apartment alone,1,4520,5.9,1,1,5,1,1,1,1,0,0,1,0,0,0,5,Bedding/linen change,Kitchen cleaning,Don't need ironing,Not interested in either,5-6,Full Care,1,1,0,1,1,0,4,Yes,Build my own each time
R1151,Al Barsha,Shared apartment,2,4990,7.1,5,4,2,1,1,1,0,0,0,0,0,0,0,3,None selected,Room/floor cleaning,Don't need ironing,Not interested in either,3-4,Quick Tidy,1,1,1,1,0,0,4,Depends on load size,"Either, depending on price"
R1152,Dubai Silicon Oasis,Shared apartment,4,2780,6.2,3,2,4,1,1,0,0,0,0,0,0,0,0,2,None selected,Room/floor cleaning,Don't need ironing,Not interested in either,1-2,Quick Tidy,1,0,1,1,0,1,4,No,One flat all-inclusive package
R1153,Academic City,Living with family,3,5870,6.9,4,4,2,1,0,1,0,0,0,1,0,0,0,3,Bedding/linen change,Room/floor cleaning,Don't need ironing,Separate service,3-4,None of these - custom mix,1,1,0,1,0,0,3,Yes,One flat all-inclusive package
R1154,Al Qusais,University dorm/hostel,1,6420,6.8,4,4,3,1,1,0,1,1,0,0,0,0,0,4,Ironing,Room/floor cleaning,"Yes, always together",Not interested in either,3-4,Standard Clean,1,1,0,0,1,1,4,Depends on load size,Build my own each time
R1155,Al Barsha,Shared apartment,2,2990,2.7,5,5,2,1,1,1,0,0,1,1,1,0,0,6,Trash disposal,Kitchen cleaning,Don't need ironing,Not interested in either,5-6,Full Care,1,0,1,0,0,0,2,No,One flat all-inclusive package
R1156,Jumeirah Village Circle,University dorm/hostel,3,2580,7.8,4,4,2,1,1,1,1,1,0,1,1,0,0,7,Bedding/linen change,Kitchen cleaning,"Yes, always together",Separate service,5-6,Full Care,1,0,0,1,0,1,3,Depends on load size,"Either, depending on price"
R1157,Jumeirah Village Circle,Shared apartment,4,5530,1.7,4,2,4,1,1,1,1,1,1,0,1,1,0,8,Trash disposal,Bathroom cleaning,"Yes, always together",Separate service,All of them,Full Care,0,0,0,0,1,0,1,Depends on load size,"Either, depending on price"
R1158,Al Barsha,University dorm/hostel,2,5410,5.6,2,2,4,1,1,0,0,0,0,1,1,0,0,4,Trash disposal,Bathroom cleaning,Don't need ironing,Not interested in either,3-4,Standard Clean,1,1,1,0,1,0,4,No,"Either, depending on price"
R1159,Jumeirah Village Circle,University dorm/hostel,2,2470,3.5,4,2,4,0,1,1,1,0,0,0,0,0,0,3,None selected,Bathroom cleaning,Don't need ironing,Not interested in either,1-2,None of these - custom mix,1,1,1,1,1,0,5,Depends on load size,Build my own each time
R1160,Discovery Gardens,University dorm/hostel,3,2610,4.4,2,2,4,1,1,1,0,0,1,1,0,0,0,5,Dishwashing,Bathroom cleaning,Don't need ironing,Not interested in either,3-4,Standard Clean,1,1,1,1,1,0,5,No,One flat all-inclusive package
R1161,Academic City,Shared apartment,3,3110,5.2,4,3,2,1,0,1,1,1,1,1,0,1,0,7,Bedding/linen change,Room/floor cleaning,"Yes, always together",Bundled together,5-6,Full Care,1,1,1,1,1,1,6,No,One flat all-inclusive package
R1162,Academic City,Apartment alone,1,2520,6.1,4,3,3,1,1,1,1,1,1,1,0,0,1,8,Bedding/linen change,Kitchen cleaning,"Yes, always together",Separate service,5-6,Full Care,1,1,1,1,0,1,5,Depends on load size,"Either, depending on price"
R1163,Academic City,Shared apartment,4,2210,4.8,4,4,2,1,1,1,1,1,0,0,0,0,0,5,Ironing,Room/floor cleaning,"Yes, always together",Not interested in either,5-6,Standard Clean,1,1,0,1,0,1,4,Depends on load size,One flat all-inclusive package
R1164,Dubai Silicon Oasis,Living with family,4,2490,7.2,1,1,5,1,1,1,1,0,1,0,0,0,0,5,Dishwashing,Kitchen cleaning,"No, separately",Not interested in either,5-6,Full Care,1,1,0,0,0,0,2,Depends on load size,"Either, depending on price"
R1165,Deira,Shared apartment,3,2430,5.4,2,3,4,1,1,1,1,1,0,0,1,0,0,6,Trash disposal,Bathroom cleaning,"No, separately",Not interested in either,5-6,Full Care,1,1,0,1,0,0,3,Depends on load size,"Either, depending on price"
R1166,Al Barsha,Shared apartment,3,3450,4.0,4,4,3,1,1,1,0,0,1,1,1,0,0,6,Dishwashing,Bathroom cleaning,Don't need ironing,Not interested in either,5-6,Standard Clean,1,1,0,1,0,1,4,Depends on load size,One flat all-inclusive package
R1167,Al Barsha,Living with family,3,4230,6.4,2,2,4,1,1,1,1,0,0,1,0,0,0,5,Bedding/linen change,Bathroom cleaning,Don't need ironing,Separate service,5-6,Standard Clean,1,1,0,1,0,1,4,Depends on load size,One flat all-inclusive package
R1168,Dubai Silicon Oasis,University dorm/hostel,2,5370,7.4,2,1,5,1,1,0,0,0,0,0,1,1,0,4,Trash disposal,Bathroom cleaning,"No, separately",Bundled together,1-2,Standard Clean,1,1,1,0,1,0,4,Yes,Build my own each time
R1169,Academic City,Living with family,4,2500,1.5,1,1,5,1,0,0,1,0,0,0,0,0,1,3,Window cleaning,Room/floor cleaning,"No, separately",Not interested in either,3-4,None of these - custom mix,1,0,1,1,1,1,5,Yes,"Either, depending on price"
R1170,Jumeirah Village Circle,University dorm/hostel,1,4580,6.7,5,5,1,1,0,0,1,1,0,0,0,0,0,3,Ironing,Room/floor cleaning,"Yes, always together",Separate service,3-4,None of these - custom mix,1,1,0,0,0,0,2,Depends on load size,One flat all-inclusive package
R1171,Dubai Silicon Oasis,Living with family,5,3600,4.9,4,3,3,1,1,1,1,1,1,1,0,1,0,8,Bedding/linen change,Room/floor cleaning,"Yes, always together",Bundled together,All of them,Full Care,1,1,1,0,1,1,5,No,"Either, depending on price"
R1172,Academic City,University dorm/hostel,2,3130,4.4,3,1,4,1,1,1,0,0,0,0,0,0,0,3,None selected,Kitchen cleaning,Don't need ironing,Separate service,3-4,Standard Clean,0,0,1,0,1,0,2,No,Build my own each time
R1173,Al Barsha,Living with family,4,4840,6.8,3,2,4,1,0,1,1,1,0,0,1,1,0,6,Ironing,Room/floor cleaning,"Yes, always together",Separate service,5-6,None of these - custom mix,1,1,0,1,1,1,5,Yes,"Either, depending on price"
R1174,Academic City,Shared apartment,5,1930,3.2,3,2,4,1,1,1,0,0,0,0,0,0,0,3,None selected,Bathroom cleaning,Don't need ironing,Separate service,1-2,Standard Clean,1,0,0,0,0,0,1,Depends on load size,Build my own each time
R1175,Dubai Silicon Oasis,Living with family,4,4440,4.3,4,3,4,1,0,1,1,0,1,0,1,0,0,5,Trash disposal,Room/floor cleaning,"No, separately",Not interested in either,5-6,None of these - custom mix,1,1,1,0,0,0,3,Depends on load size,One flat all-inclusive package
R1176,Jumeirah Village Circle,University dorm/hostel,1,3430,5.2,4,3,4,0,1,1,0,0,0,1,0,0,0,3,Bedding/linen change,Kitchen cleaning,Don't need ironing,Not interested in either,1-2,None of these - custom mix,1,1,0,0,0,1,3,No,"Either, depending on price"
R1177,Discovery Gardens,Shared apartment,5,4190,3.5,2,1,4,1,1,1,1,1,0,0,0,1,0,6,Ironing,Bathroom cleaning,"Yes, always together",Bundled together,5-6,Full Care,0,1,1,1,0,0,3,No,"Either, depending on price"
R1178,Al Qusais,Living with family,4,4300,1.8,2,1,5,1,1,1,0,0,0,0,0,1,0,4,None selected,Bathroom cleaning,Don't need ironing,Bundled together,3-4,Standard Clean,1,1,0,0,0,0,2,Depends on load size,Build my own each time
R1179,Dubai Silicon Oasis,Shared apartment,3,6940,1.6,2,1,5,1,1,0,0,0,0,0,0,0,0,2,None selected,Room/floor cleaning,Don't need ironing,Separate service,1-2,Standard Clean,1,0,1,0,1,0,3,No,"Either, depending on price"
R1180,Discovery Gardens,Shared apartment,2,2610,8.2,4,5,1,0,1,1,0,0,1,0,1,0,0,4,Dishwashing,Kitchen cleaning,Don't need ironing,Not interested in either,1-2,Standard Clean,1,1,0,1,0,0,3,No,"Either, depending on price"
R1181,Dubai Silicon Oasis,Apartment alone,1,3660,3.8,4,2,5,1,1,1,1,1,1,1,0,0,0,7,Dishwashing,Kitchen cleaning,"Yes, always together",Separate service,All of them,Full Care,1,1,1,1,0,1,5,No,One flat all-inclusive package
R1182,Bur Dubai,Shared apartment,4,2630,2.0,3,2,4,0,1,1,1,1,0,0,0,0,0,4,Ironing,Kitchen cleaning,"Yes, always together",Not interested in either,1-2,Standard Clean,1,1,0,1,0,0,3,No,Build my own each time
R1183,Bur Dubai,Shared apartment,4,2720,1.0,1,1,5,0,1,1,1,0,0,1,0,0,1,5,Bedding/linen change,Kitchen cleaning,Don't need ironing,Not interested in either,5-6,None of these - custom mix,1,1,1,0,0,0,3,No,"Either, depending on price"
R1184,Al Barsha,Shared apartment,3,2610,3.2,2,2,4,1,1,1,0,0,0,1,1,0,0,5,Trash disposal,Room/floor cleaning,Don't need ironing,Not interested in either,5-6,Standard Clean,1,1,1,0,1,0,4,No,One flat all-inclusive package
R1185,Jumeirah Village Circle,Living with family,5,5560,1.0,5,2,4,0,0,0,0,1,1,0,0,0,0,2,Dishwashing,None selected,Don't need ironing,Separate service,1-2,Standard Clean,1,1,1,1,0,0,4,Yes,One flat all-inclusive package
R1186,Deira,University dorm/hostel,2,5190,8.3,3,3,3,1,1,0,0,0,0,0,0,0,0,2,None selected,Room/floor cleaning,Don't need ironing,Not interested in either,1-2,Quick Tidy,1,1,1,0,1,1,5,Depends on load size,"Either, depending on price"
R1187,Academic City,Shared apartment,2,2700,7.0,4,3,3,1,1,1,1,1,1,0,1,0,0,7,Trash disposal,Kitchen cleaning,"Yes, always together",Separate service,All of them,Exam Week Rescue,1,1,1,1,0,0,4,Yes,One flat all-inclusive package
R1188,Academic City,Living with family,3,2730,3.1,4,2,4,1,1,0,1,1,0,1,0,0,0,5,Ironing,Bathroom cleaning,"Yes, always together",Not interested in either,3-4,Full Care,0,1,1,1,0,0,3,No,One flat all-inclusive package
R1189,Al Barsha,Living with family,3,4560,9.0,3,4,2,1,1,0,1,1,1,0,0,0,0,5,Ironing,Room/floor cleaning,"Yes, always together",Not interested in either,5-6,None of these - custom mix,1,1,0,1,0,1,4,No,"Either, depending on price"
R1190,Dubai Silicon Oasis,Shared apartment,4,2730,6.0,3,2,4,1,0,0,0,0,0,0,0,1,1,3,Window cleaning,Room/floor cleaning,Don't need ironing,Bundled together,3-4,None of these - custom mix,1,1,0,0,1,0,3,Yes,Build my own each time
R1191,Bur Dubai,Shared apartment,2,4390,4.4,2,3,4,1,1,0,0,0,0,1,0,0,0,3,Bedding/linen change,Bathroom cleaning,Don't need ironing,Not interested in either,3-4,Quick Tidy,1,0,1,0,0,0,2,Yes,"Either, depending on price"
R1192,Bur Dubai,Shared apartment,4,3780,1.0,4,1,5,0,1,1,0,0,1,0,0,0,0,3,Dishwashing,Kitchen cleaning,Don't need ironing,Separate service,1-2,None of these - custom mix,1,1,0,1,1,1,5,No,"Either, depending on price"
R1193,Academic City,University dorm/hostel,2,1080,9.6,4,4,2,1,1,1,1,1,1,1,0,1,0,8,Dishwashing,Room/floor cleaning,"Yes, always together",Bundled together,5-6,None of these - custom mix,1,1,1,1,0,1,5,No,One flat all-inclusive package
R1194,Discovery Gardens,Shared apartment,5,5670,1.0,4,2,5,1,1,1,0,0,1,1,0,1,0,6,Dishwashing,Kitchen cleaning,Don't need ironing,Bundled together,5-6,Standard Clean,1,1,1,0,1,0,4,Yes,One flat all-inclusive package
R1195,Discovery Gardens,Shared apartment,3,6010,1.2,4,2,4,0,1,1,0,0,0,0,1,1,0,4,Trash disposal,Kitchen cleaning,Don't need ironing,Bundled together,1-2,None of these - custom mix,1,1,1,0,1,1,5,Depends on load size,One flat all-inclusive package
R1196,Jumeirah Village Circle,Shared apartment,4,2640,6.0,1,2,4,0,0,0,1,0,0,0,1,0,0,2,Trash disposal,None selected,Don't need ironing,Not interested in either,1-2,None of these - custom mix,1,1,0,1,1,1,5,No,One flat all-inclusive package
R1197,Bur Dubai,University dorm/hostel,1,2660,10.4,5,4,3,0,1,1,0,0,1,0,0,0,0,3,Dishwashing,Kitchen cleaning,Don't need ironing,Not interested in either,3-4,Standard Clean,1,1,1,0,0,1,4,Yes,"Either, depending on price"
R1198,Bur Dubai,Living with family,5,4300,6.3,4,4,2,1,1,1,0,0,0,0,1,0,1,5,Window cleaning,Bathroom cleaning,Don't need ironing,Not interested in either,5-6,Standard Clean,1,1,0,0,0,1,3,Depends on load size,Build my own each time
R1199,Deira,Living with family,2,4370,6.1,3,1,4,0,1,0,0,0,0,1,1,1,0,4,Trash disposal,Bathroom cleaning,Don't need ironing,Bundled together,3-4,None of these - custom mix,1,1,1,0,1,0,4,Yes,Build my own each time
R1200,Academic City,Apartment alone,1,5320,6.7,5,4,3,1,1,0,0,0,0,0,0,0,0,2,None selected,Bathroom cleaning,Don't need ironing,Not interested in either,1-2,Standard Clean,0,1,1,0,1,0,3,Depends on load size,One flat all-inclusive package
R1201,Dubai Silicon Oasis,Shared apartment,3,6310,6.2,4,5,1,1,1,0,1,1,0,0,0,0,1,5,Window cleaning,Room/floor cleaning,"No, separately",Not interested in either,5-6,Standard Clean,1,1,1,1,0,0,4,Depends on load size,One flat all-inclusive package
R1202,Dubai Silicon Oasis,Shared apartment,4,3250,5.5,4,2,5,1,1,1,1,0,0,0,1,0,0,5,Trash disposal,Room/floor cleaning,"No, separately",Not interested in either,5-6,Standard Clean,1,1,0,1,0,0,3,No,Build my own each time
R1203,Bur Dubai,Living with family,2,2780,5.6,4,2,5,1,1,1,0,0,1,1,0,0,0,5,Bedding/linen change,Room/floor cleaning,Don't need ironing,Not interested in either,3-4,Standard Clean,1,1,0,1,0,0,3,Depends on load size,Build my own each time
R1204,Academic City,Apartment alone,1,2470,5.7,5,4,1,1,1,1,1,1,1,0,1,1,0,8,Dishwashing,Bathroom cleaning,"Yes, always together",Bundled together,5-6,Full Care,1,0,0,0,0,1,2,Depends on load size,One flat all-inclusive package
R1205,Dubai Silicon Oasis,University dorm/hostel,1,2180,5.4,4,3,4,1,1,1,0,0,1,1,0,0,0,5,Dishwashing,Kitchen cleaning,Don't need ironing,Separate service,5-6,Standard Clean,1,1,0,0,0,0,2,Depends on load size,"Either, depending on price"
R1206,Dubai Silicon Oasis,Living with family,5,3850,2.0,2,1,5,1,1,1,0,0,1,1,0,0,0,5,Dishwashing,Kitchen cleaning,"No, separately",Not interested in either,5-6,Standard Clean,1,1,0,1,0,1,4,Depends on load size,One flat all-inclusive package
R1207,Jumeirah Village Circle,Living with family,5,6410,2.9,3,2,4,1,1,1,0,0,1,0,0,1,0,5,Dishwashing,Room/floor cleaning,Don't need ironing,Bundled together,5-6,Standard Clean,1,1,0,0,1,1,4,Yes,One flat all-inclusive package
R1208,Dubai Silicon Oasis,Living with family,4,3180,1.0,5,3,3,1,1,0,0,0,0,0,1,1,0,4,Trash disposal,Room/floor cleaning,Don't need ironing,Separate service,3-4,Standard Clean,1,0,1,0,1,0,3,Depends on load size,"Either, depending on price"
R1209,Dubai Silicon Oasis,Apartment alone,1,4710,5.3,3,3,4,1,0,1,1,1,1,0,0,1,0,6,Dishwashing,Room/floor cleaning,"Yes, always together",Bundled together,3-4,Standard Clean,1,1,0,1,1,0,4,Yes,One flat all-inclusive package
R1210,Academic City,Shared apartment,4,3480,2.0,3,2,3,1,1,1,1,0,0,0,0,1,0,5,None selected,Kitchen cleaning,Don't need ironing,Bundled together,5-6,Standard Clean,0,1,1,1,1,0,4,Yes,Build my own each time
R1211,Jumeirah Village Circle,Shared apartment,3,5160,2.3,3,1,5,1,1,1,1,0,0,0,0,0,0,4,None selected,Bathroom cleaning,"No, separately",Separate service,3-4,Full Care,1,1,0,1,1,0,4,Yes,One flat all-inclusive package
R1212,Jumeirah Village Circle,Living with family,3,7440,4.9,3,3,3,1,1,1,1,1,1,1,1,0,0,8,Trash disposal,Room/floor cleaning,"No, separately",Separate service,5-6,Full Care,1,1,0,1,0,0,3,Yes,One flat all-inclusive package
R1213,Al Barsha,Living with family,3,3160,7.3,4,5,1,1,1,1,1,1,0,1,0,0,0,6,Ironing,Kitchen cleaning,"Yes, always together",Separate service,5-6,Full Care,1,1,0,0,0,0,2,No,One flat all-inclusive package
R1214,Jumeirah Village Circle,University dorm/hostel,1,2510,7.3,5,4,2,0,1,0,1,1,0,1,0,0,1,5,Window cleaning,Bathroom cleaning,"Yes, always together",Not interested in either,3-4,Full Care,1,1,1,1,0,0,4,Depends on load size,"Either, depending on price"
R1215,Al Barsha,University dorm/hostel,3,4660,1.4,3,1,4,1,1,1,0,0,0,0,0,0,1,4,Window cleaning,Bathroom cleaning,"No, separately",Not interested in either,1-2,Standard Clean,1,0,0,0,0,1,2,Depends on load size,Build my own each time
R1216,Al Barsha,Shared apartment,4,4450,2.0,2,2,4,1,1,0,0,0,0,1,0,0,1,4,Window cleaning,Room/floor cleaning,Don't need ironing,Not interested in either,3-4,Standard Clean,1,1,0,1,1,1,5,Yes,"Either, depending on price"
R1217,Jumeirah Village Circle,Living with family,4,6490,5.9,2,2,4,1,1,1,1,0,0,1,0,0,0,5,Bedding/linen change,Bathroom cleaning,"No, separately",Separate service,5-6,Standard Clean,1,1,1,1,1,0,5,Depends on load size,Build my own each time
R1218,Academic City,Living with family,4,4720,2.0,5,1,5,1,1,0,1,0,1,1,0,1,0,6,Bedding/linen change,Bathroom cleaning,"No, separately",Bundled together,5-6,None of these - custom mix,1,0,1,1,0,0,3,Depends on load size,One flat all-inclusive package
R1219,Deira,University dorm/hostel,3,2700,4.1,4,3,3,1,1,1,0,0,0,1,1,0,0,5,Bedding/linen change,Kitchen cleaning,Don't need ironing,Not interested in either,3-4,Standard Clean,0,1,0,0,0,1,2,Yes,One flat all-inclusive package
R1220,Jumeirah Village Circle,Shared apartment,2,4330,6.1,3,2,4,1,1,1,1,1,1,0,0,0,0,6,Ironing,Kitchen cleaning,"Yes, always together",Not interested in either,3-4,Full Care,1,0,0,1,0,1,3,Yes,One flat all-inclusive package
R1221,Academic City,Shared apartment,4,5050,2.1,5,2,5,1,1,1,1,1,1,0,1,1,0,8,Dishwashing,Bathroom cleaning,"Yes, always together",Bundled together,5-6,Exam Week Rescue,1,1,1,0,1,1,5,Depends on load size,One flat all-inclusive package
R1222,Dubai Silicon Oasis,Living with family,4,5050,4.2,5,3,2,1,0,0,1,0,0,1,0,0,0,3,Bedding/linen change,Room/floor cleaning,Don't need ironing,Not interested in either,1-2,None of these - custom mix,1,1,1,0,0,0,3,No,One flat all-inclusive package
R1223,Discovery Gardens,Living with family,4,4610,1.3,5,2,5,1,1,1,0,0,1,0,1,0,0,5,Dishwashing,Bathroom cleaning,Don't need ironing,Separate service,3-4,Standard Clean,1,1,1,0,0,0,3,Depends on load size,Build my own each time
R1224,Al Barsha,Living with family,2,5390,3.8,5,4,2,1,1,1,1,0,1,0,0,0,0,5,Dishwashing,Bathroom cleaning,Don't need ironing,Not interested in either,5-6,Full Care,1,1,1,1,0,0,4,Depends on load size,One flat all-inclusive package
R1225,Al Barsha,Shared apartment,5,5140,4.1,3,2,5,1,1,0,0,0,0,1,1,0,0,4,Bedding/linen change,Room/floor cleaning,Don't need ironing,Not interested in either,3-4,Standard Clean,1,1,0,0,0,0,2,No,One flat all-inclusive package
R1226,Al Qusais,Shared apartment,5,5440,1.0,4,2,4,1,0,0,1,1,0,0,0,0,0,3,Ironing,Room/floor cleaning,"Yes, always together",Separate service,3-4,Standard Clean,1,0,0,1,0,0,2,Yes,One flat all-inclusive package
R1227,Discovery Gardens,Shared apartment,4,4410,4.9,3,2,3,1,1,1,0,0,0,0,0,0,1,4,Window cleaning,Bathroom cleaning,Don't need ironing,Not interested in either,3-4,Standard Clean,1,0,0,0,1,0,2,No,Build my own each time
R1228,Bur Dubai,University dorm/hostel,2,2970,5.0,5,4,2,1,1,0,1,1,0,0,1,0,1,6,Trash disposal,Room/floor cleaning,"Yes, always together",Separate service,5-6,None of these - custom mix,1,1,1,1,0,1,5,Yes,"Either, depending on price"
R1229,Academic City,Living with family,6,4110,4.1,4,3,4,0,1,1,1,0,0,1,1,0,1,6,Trash disposal,Kitchen cleaning,"No, separately",Not interested in either,3-4,Standard Clean,1,1,0,1,0,1,4,No,"Either, depending on price"
R1230,Deira,Living with family,5,5590,3.9,4,2,4,0,1,1,0,0,1,0,1,0,0,4,Trash disposal,Kitchen cleaning,Don't need ironing,Not interested in either,1-2,None of these - custom mix,1,1,1,0,0,0,3,Depends on load size,One flat all-inclusive package
R1231,Academic City,Living with family,3,2760,7.2,4,4,1,1,1,1,0,0,0,0,0,0,0,3,None selected,Room/floor cleaning,Don't need ironing,Not interested in either,3-4,Standard Clean,1,0,1,0,1,1,4,No,One flat all-inclusive package
R1232,Academic City,Living with family,4,4420,4.3,2,1,5,1,1,0,0,0,0,1,0,0,0,3,Bedding/linen change,Bathroom cleaning,Don't need ironing,Not interested in either,3-4,Quick Tidy,1,1,1,0,0,0,3,Depends on load size,One flat all-inclusive package
R1233,Academic City,Shared apartment,4,2950,3.1,4,3,3,1,1,0,0,0,0,1,0,0,0,3,Bedding/linen change,Bathroom cleaning,Don't need ironing,Not interested in either,3-4,Standard Clean,1,1,1,0,1,0,4,No,"Either, depending on price"
R1234,Al Barsha,Apartment alone,1,4440,5.7,5,4,2,1,1,1,0,0,0,0,1,0,0,4,Trash disposal,Bathroom cleaning,Don't need ironing,Separate service,3-4,Standard Clean,1,1,1,0,0,1,4,Depends on load size,One flat all-inclusive package
R1235,Jumeirah Village Circle,Living with family,4,5690,5.1,5,5,1,1,0,1,0,1,1,0,0,1,0,5,Ironing,Kitchen cleaning,Don't need ironing,Bundled together,5-6,None of these - custom mix,1,1,1,0,1,0,4,No,"Either, depending on price"
R1236,Al Barsha,Living with family,5,4170,3.6,1,1,5,0,1,1,0,0,0,0,0,1,1,4,Window cleaning,Kitchen cleaning,Don't need ironing,Bundled together,3-4,Standard Clean,1,0,1,0,1,0,3,Depends on load size,Build my own each time
R1237,Dubai Silicon Oasis,University dorm/hostel,3,3270,4.6,2,1,5,0,1,0,1,1,0,0,0,1,0,4,Ironing,Bathroom cleaning,"Yes, always together",Bundled together,3-4,Standard Clean,1,1,1,1,0,1,5,Depends on load size,One flat all-inclusive package
R1238,Academic City,Shared apartment,5,1600,2.1,2,1,4,1,1,0,1,1,0,0,0,0,0,4,Ironing,Room/floor cleaning,"Yes, always together",Not interested in either,3-4,Standard Clean,1,1,0,1,0,0,3,Yes,Build my own each time
R1239,Dubai Silicon Oasis,University dorm/hostel,2,4240,3.7,4,2,4,1,1,1,1,1,0,0,1,0,0,6,Trash disposal,Kitchen cleaning,"No, separately",Separate service,5-6,Full Care,0,1,1,1,1,0,4,Depends on load size,One flat all-inclusive package
R1240,Al Qusais,Living with family,2,4800,2.2,5,3,2,1,0,0,0,0,0,0,1,1,0,3,Trash disposal,Room/floor cleaning,Don't need ironing,Bundled together,3-4,None of these - custom mix,1,1,0,1,1,1,5,Depends on load size,"Either, depending on price"
R1241,Al Qusais,Shared apartment,5,6530,7.0,3,1,5,1,1,1,1,1,1,0,1,0,0,7,Ironing,Bathroom cleaning,"Yes, always together",Not interested in either,5-6,Exam Week Rescue,1,1,1,1,1,1,6,Yes,One flat all-inclusive package
R1242,Bur Dubai,University dorm/hostel,3,2770,2.0,4,1,5,1,1,1,1,0,0,0,1,0,0,5,Trash disposal,Room/floor cleaning,"No, separately",Separate service,5-6,Full Care,1,1,0,0,1,0,3,Depends on load size,Build my own each time
R1243,Discovery Gardens,Apartment alone,1,4710,4.1,5,2,3,1,1,1,0,0,1,0,1,0,0,5,Trash disposal,Room/floor cleaning,Don't need ironing,Not interested in either,5-6,Standard Clean,1,1,0,1,0,0,3,Depends on load size,Build my own each time
R1244,Dubai Silicon Oasis,Shared apartment,2,3850,3.6,4,3,3,1,1,1,0,0,1,0,1,1,0,6,Trash disposal,Bathroom cleaning,Don't need ironing,Bundled together,5-6,Full Care,1,1,0,0,1,0,3,No,One flat all-inclusive package
R1245,Bur Dubai,Shared apartment,5,5710,5.3,4,4,1,1,1,1,0,0,0,0,0,0,0,3,None selected,Kitchen cleaning,Don't need ironing,Separate service,3-4,Standard Clean,1,1,0,0,0,0,2,Yes,Build my own each time
R1246,Discovery Gardens,University dorm/hostel,3,3070,3.9,4,2,5,1,1,1,1,0,1,0,0,0,1,6,Dishwashing,Room/floor cleaning,"No, separately",Separate service,3-4,Full Care,1,1,1,1,1,0,5,Depends on load size,One flat all-inclusive package
R1247,Al Qusais,Apartment alone,1,4790,8.0,4,3,4,0,1,1,0,0,0,1,0,0,1,4,Bedding/linen change,Bathroom cleaning,Don't need ironing,Not interested in either,3-4,None of these - custom mix,0,1,1,0,0,1,3,Depends on load size,One flat all-inclusive package
R1248,Al Qusais,Shared apartment,3,4350,3.2,3,2,3,1,1,0,1,0,0,0,0,0,0,3,None selected,Room/floor cleaning,"No, separately",Not interested in either,3-4,Quick Tidy,0,1,1,1,0,0,3,No,One flat all-inclusive package
R1249,Bur Dubai,Apartment alone,1,4660,6.1,4,4,3,1,1,1,1,1,1,0,0,0,1,7,Dishwashing,Bathroom cleaning,"Yes, always together",Separate service,All of them,Exam Week Rescue,1,1,1,1,1,1,6,Yes,"Either, depending on price"
R1250,Al Barsha,Shared apartment,4,2870,2.3,4,1,5,1,0,1,1,0,0,1,1,1,0,6,Trash disposal,Room/floor cleaning,"No, separately",Bundled together,3-4,None of these - custom mix,1,1,1,1,1,1,6,No,One flat all-inclusive package
R1251,Discovery Gardens,Living with family,3,4170,8.8,5,4,2,1,1,1,1,1,1,0,0,1,0,7,Ironing,Room/floor cleaning,"Yes, always together",Separate service,5-6,Exam Week Rescue,1,1,0,0,1,0,3,Depends on load size,One flat all-inclusive package
R1252,Bur Dubai,Shared apartment,2,5000,2.6,4,3,2,1,1,1,1,0,1,1,1,1,0,8,Dishwashing,Bathroom cleaning,"No, separately",Bundled together,All of them,Exam Week Rescue,1,1,0,1,1,0,4,Depends on load size,One flat all-inclusive package
R1253,Al Barsha,Shared apartment,3,2060,5.1,4,3,3,1,1,1,0,0,0,0,0,0,0,3,None selected,Bathroom cleaning,Don't need ironing,Not interested in either,1-2,Standard Clean,1,0,0,1,0,1,3,No,"Either, depending on price"
R1254,Dubai Silicon Oasis,Living with family,5,4090,4.8,2,2,4,1,1,1,1,1,1,1,0,0,0,7,Bedding/linen change,Bathroom cleaning,"Yes, always together",Separate service,5-6,Full Care,1,1,0,1,0,0,3,Yes,One flat all-inclusive package
R1255,Academic City,Shared apartment,2,2520,5.8,3,3,3,1,1,1,0,0,0,0,0,0,0,3,None selected,Kitchen cleaning,"No, separately",Not interested in either,3-4,Standard Clean,1,1,0,1,0,0,3,Yes,One flat all-inclusive package
R1256,Al Qusais,University dorm/hostel,2,4870,4.6,1,1,4,0,1,1,1,0,1,0,1,1,0,6,Trash disposal,Kitchen cleaning,Don't need ironing,Bundled together,5-6,None of these - custom mix,1,1,0,0,1,0,3,Depends on load size,"Either, depending on price"
R1257,Jumeirah Village Circle,University dorm/hostel,2,1070,4.7,3,3,2,1,1,1,1,1,0,1,1,0,0,7,Trash disposal,Kitchen cleaning,"Yes, always together",Not interested in either,5-6,None of these - custom mix,1,1,0,1,0,1,4,Yes,One flat all-inclusive package
R1258,Academic City,Apartment alone,1,3620,5.6,4,2,4,1,1,1,1,0,0,0,0,0,0,4,None selected,Bathroom cleaning,"No, separately",Not interested in either,1-2,Full Care,1,0,1,1,0,0,3,Yes,"Either, depending on price"
R1259,Dubai Silicon Oasis,Shared apartment,3,4030,4.2,5,2,4,1,1,1,1,1,0,0,1,0,0,6,Ironing,Kitchen cleaning,"Yes, always together",Not interested in either,5-6,Full Care,1,1,1,1,0,1,5,Yes,One flat all-inclusive package
R1260,Academic City,Apartment alone,1,6590,7.4,2,3,3,1,0,1,0,0,1,1,0,0,0,4,Dishwashing,Room/floor cleaning,Don't need ironing,Separate service,3-4,None of these - custom mix,1,0,0,0,0,1,2,No,One flat all-inclusive package
R1261,Al Qusais,University dorm/hostel,3,3110,8.9,3,4,2,1,1,1,1,0,0,0,0,0,0,4,None selected,Bathroom cleaning,"No, separately",Not interested in either,1-2,Standard Clean,1,0,0,1,1,0,3,No,"Either, depending on price"
R1262,Dubai Silicon Oasis,University dorm/hostel,2,2420,3.9,5,3,4,1,1,0,1,0,0,0,0,0,1,4,Window cleaning,Bathroom cleaning,"No, separately",Not interested in either,1-2,Standard Clean,1,0,0,1,1,0,3,No,"Either, depending on price"
R1263,Academic City,University dorm/hostel,2,5830,2.3,3,2,5,1,1,1,1,0,0,1,0,0,0,5,Bedding/linen change,Kitchen cleaning,Don't need ironing,Separate service,5-6,Full Care,1,0,1,1,0,0,3,Depends on load size,One flat all-inclusive package
R1264,Bur Dubai,Shared apartment,4,1470,3.8,4,4,2,1,1,1,0,0,1,1,0,0,1,6,Dishwashing,Bathroom cleaning,Don't need ironing,Separate service,5-6,Full Care,1,0,0,1,0,0,2,Yes,"Either, depending on price"
R1265,Jumeirah Village Circle,Shared apartment,3,800,9.7,4,5,2,0,1,0,0,0,0,1,1,0,0,3,Trash disposal,Bathroom cleaning,Don't need ironing,Not interested in either,3-4,Standard Clean,1,1,1,1,1,1,6,No,Build my own each time
R1266,Jumeirah Village Circle,Shared apartment,3,4120,2.9,4,4,2,1,1,1,1,1,0,1,0,0,1,7,Ironing,Room/floor cleaning,"Yes, always together",Separate service,5-6,Full Care,1,1,1,1,0,0,4,Depends on load size,"Either, depending on price"
R1267,Jumeirah Village Circle,Shared apartment,3,2800,7.8,2,3,3,1,1,1,0,0,1,0,0,0,0,4,Dishwashing,Kitchen cleaning,Don't need ironing,Not interested in either,3-4,Standard Clean,1,1,1,0,1,1,5,No,One flat all-inclusive package
R1268,Discovery Gardens,Living with family,2,2470,8.4,3,3,3,1,1,0,0,0,0,0,0,0,0,2,None selected,Room/floor cleaning,Don't need ironing,Not interested in either,1-2,Quick Tidy,1,1,1,0,0,0,3,No,One flat all-inclusive package
R1269,Al Barsha,Shared apartment,2,4490,3.9,4,1,5,1,1,0,0,0,0,1,1,1,0,5,Bedding/linen change,Bathroom cleaning,Don't need ironing,Separate service,5-6,None of these - custom mix,1,0,1,0,1,1,4,Yes,"Either, depending on price"
R1270,Deira,Shared apartment,3,3840,5.6,4,3,4,1,1,0,0,0,0,1,0,0,0,3,Bedding/linen change,Bathroom cleaning,Don't need ironing,Not interested in either,1-2,Standard Clean,1,1,1,0,0,0,3,Depends on load size,"Either, depending on price"
R1271,Deira,Apartment alone,1,3610,8.8,1,2,4,1,0,1,0,0,0,1,0,0,0,3,Bedding/linen change,Kitchen cleaning,Don't need ironing,Not interested in either,3-4,Standard Clean,1,0,1,1,0,0,3,No,Build my own each time
R1272,Bur Dubai,Shared apartment,3,1710,3.7,4,4,2,1,1,1,0,0,0,0,0,0,0,3,None selected,Bathroom cleaning,"No, separately",Separate service,3-4,Standard Clean,1,0,1,0,1,0,3,Depends on load size,Build my own each time
R1273,Bur Dubai,Shared apartment,5,4720,3.1,1,1,5,1,1,1,0,0,0,1,0,0,0,4,Bedding/linen change,Kitchen cleaning,Don't need ironing,Not interested in either,1-2,Standard Clean,0,1,0,0,0,0,1,Yes,One flat all-inclusive package
R1274,Academic City,Living with family,3,4810,3.3,4,2,3,1,1,1,1,0,1,0,1,1,0,7,Trash disposal,Bathroom cleaning,"No, separately",Bundled together,All of them,Full Care,1,1,0,0,1,0,3,No,One flat all-inclusive package
R1275,Academic City,Living with family,4,3760,2.0,3,2,5,1,1,1,1,1,1,0,0,0,0,6,Dishwashing,Room/floor cleaning,"Yes, always together",Not interested in either,5-6,Standard Clean,1,1,1,1,1,1,6,Depends on load size,One flat all-inclusive package
R1276,Deira,University dorm/hostel,2,5790,3.7,5,3,3,1,1,1,1,1,0,1,0,0,1,7,Ironing,Bathroom cleaning,"Yes, always together",Not interested in either,All of them,Full Care,1,1,1,1,1,1,6,Depends on load size,One flat all-inclusive package
R1277,Academic City,Living with family,2,2400,2.6,3,3,3,1,1,0,0,0,0,0,0,0,0,2,None selected,Bathroom cleaning,Don't need ironing,Separate service,1-2,Quick Tidy,1,1,0,0,1,0,3,Yes,One flat all-inclusive package
R1278,Jumeirah Village Circle,Shared apartment,4,1360,4.1,3,2,4,1,1,1,0,0,0,0,0,0,1,4,Window cleaning,Kitchen cleaning,"No, separately",Not interested in either,1-2,Standard Clean,1,0,1,0,0,1,3,Depends on load size,"Either, depending on price"
R1279,Deira,Shared apartment,2,2530,3.5,2,2,4,0,1,1,1,1,1,0,1,0,0,6,Dishwashing,Kitchen cleaning,"Yes, always together",Separate service,3-4,Standard Clean,1,1,1,1,0,0,4,No,One flat all-inclusive package
R1280,Bur Dubai,Shared apartment,5,3440,4.0,3,1,4,1,1,1,0,0,1,0,0,0,0,4,Dishwashing,Kitchen cleaning,"No, separately",Not interested in either,3-4,Standard Clean,1,1,0,0,1,1,4,No,Build my own each time
R1281,Discovery Gardens,Living with family,2,4240,1.9,5,1,5,1,1,1,1,1,1,1,0,0,0,7,Dishwashing,Bathroom cleaning,"Yes, always together",Not interested in either,All of them,Full Care,1,1,0,1,0,1,4,Yes,One flat all-inclusive package
R1282,Discovery Gardens,Shared apartment,3,3160,5.2,5,3,3,1,1,1,1,0,1,1,0,0,0,6,Dishwashing,Room/floor cleaning,Don't need ironing,Not interested in either,3-4,Standard Clean,1,1,1,1,1,0,5,No,One flat all-inclusive package
R1283,Dubai Silicon Oasis,Shared apartment,2,3990,6.7,3,3,3,1,1,1,0,1,0,0,0,0,0,4,Ironing,Room/floor cleaning,"No, separately",Separate service,1-2,Standard Clean,1,1,1,0,0,0,3,Yes,Build my own each time
R1284,Academic City,Shared apartment,5,1750,1.0,3,1,5,1,1,1,1,0,1,1,1,0,0,7,Trash disposal,Kitchen cleaning,Don't need ironing,Not interested in either,5-6,Full Care,0,1,1,1,1,0,4,No,One flat all-inclusive package
R1285,Dubai Silicon Oasis,University dorm/hostel,2,5220,5.7,4,2,5,1,0,1,1,1,1,1,0,0,0,6,Bedding/linen change,Room/floor cleaning,"Yes, always together",Not interested in either,5-6,None of these - custom mix,1,1,0,0,0,0,2,Yes,"Either, depending on price"
R1286,Academic City,University dorm/hostel,2,3080,7.5,5,3,3,1,0,0,0,0,0,1,1,0,0,3,Trash disposal,Room/floor cleaning,Don't need ironing,Separate service,3-4,None of these - custom mix,1,1,1,0,0,0,3,Yes,"Either, depending on price"
R1287,Academic City,University dorm/hostel,1,4760,3.1,4,2,4,1,1,0,0,1,0,1,0,1,0,5,Ironing,Bathroom cleaning,Don't need ironing,Bundled together,5-6,None of these - custom mix,1,1,1,0,1,1,5,Depends on load size,"Either, depending on price"
R1288,Al Barsha,University dorm/hostel,2,3680,8.3,3,2,3,1,1,1,1,1,1,0,0,0,0,6,Ironing,Bathroom cleaning,"Yes, always together",Separate service,3-4,Standard Clean,1,0,1,1,0,1,4,Depends on load size,"Either, depending on price"
R1289,Academic City,University dorm/hostel,1,3840,6.3,3,3,3,1,1,1,0,0,0,1,0,0,0,4,Bedding/linen change,Room/floor cleaning,"No, separately",Not interested in either,3-4,Standard Clean,0,1,0,0,0,0,1,Depends on load size,"Either, depending on price"
R1290,Dubai Silicon Oasis,University dorm/hostel,3,4000,3.1,4,2,4,1,0,0,1,1,0,0,0,0,0,3,Ironing,Room/floor cleaning,"Yes, always together",Not interested in either,1-2,Standard Clean,0,1,0,0,0,0,1,Yes,"Either, depending on price"
R1291,Dubai Silicon Oasis,Shared apartment,3,4130,4.4,1,1,5,1,0,0,1,1,0,0,0,0,0,3,Ironing,Room/floor cleaning,"Yes, always together",Not interested in either,3-4,None of these - custom mix,1,1,0,1,0,0,3,No,One flat all-inclusive package
R1292,Deira,University dorm/hostel,1,4100,6.6,4,3,3,1,1,1,1,1,1,0,0,0,0,6,Ironing,Bathroom cleaning,"No, separately",Not interested in either,5-6,Full Care,1,1,0,1,0,0,3,Depends on load size,One flat all-inclusive package
R1293,Discovery Gardens,Shared apartment,2,5360,5.2,3,2,3,1,1,1,0,0,0,1,0,0,1,5,Window cleaning,Room/floor cleaning,Don't need ironing,Not interested in either,3-4,Standard Clean,1,1,1,0,0,1,4,Depends on load size,Build my own each time
R1294,Dubai Silicon Oasis,Living with family,4,4180,5.1,4,3,3,1,1,1,1,1,1,0,1,0,0,7,Dishwashing,Kitchen cleaning,"Yes, always together",Not interested in either,5-6,Exam Week Rescue,1,1,0,1,0,1,4,No,One flat all-inclusive package
R1295,Academic City,Shared apartment,4,4490,2.2,2,2,3,1,1,0,0,0,0,1,1,0,0,4,Bedding/linen change,Bathroom cleaning,Don't need ironing,Separate service,1-2,Standard Clean,1,1,0,1,0,0,3,Depends on load size,Build my own each time
R1296,Jumeirah Village Circle,Apartment alone,1,4270,5.8,4,1,5,1,1,0,0,0,0,0,1,1,0,4,Trash disposal,Room/floor cleaning,Don't need ironing,Bundled together,1-2,None of these - custom mix,0,1,1,0,1,0,3,Depends on load size,One flat all-inclusive package
R1297,Al Barsha,University dorm/hostel,1,5220,2.7,3,2,4,1,0,1,0,0,0,0,0,0,0,2,None selected,Kitchen cleaning,Don't need ironing,Not interested in either,1-2,None of these - custom mix,0,1,0,0,1,1,3,Depends on load size,"Either, depending on price"
R1298,Academic City,University dorm/hostel,2,2250,4.8,4,3,2,1,1,0,1,1,0,0,1,1,1,7,Window cleaning,Bathroom cleaning,"No, separately",Bundled together,All of them,Exam Week Rescue,0,1,0,1,1,1,4,Yes,One flat all-inclusive package
R1299,Dubai Silicon Oasis,University dorm/hostel,2,5720,3.2,2,2,4,1,1,1,0,0,1,0,0,0,0,4,Dishwashing,Bathroom cleaning,Don't need ironing,Not interested in either,3-4,Standard Clean,1,1,0,1,0,1,4,Yes,Build my own each time
